,date_time,open,high,low,close,volume,SD,sdClosingPrice,multiplier,color,bullish_engulfing,bearish_engulfing,bullish_harami,bearish_harami,buy_sell
0,2019-01-02,12.18,12.18,11.2,11.32,67599542,,,0.6,yellow,False,False,False,False,
1,2019-01-03,11.56,11.7,11.34,11.48,61289951,,11.32,0.6,yellow,False,False,False,False,
2,2019-01-04,11.58,12.08,11.5,12.08,70309213,,11.48,0.6,yellow,False,False,False,False,
3,2019-01-07,12.48,12.48,12.16,12.38,76167356,,12.08,0.6,yellow,False,False,False,False,
4,2019-01-08,12.3,12.48,12.24,12.44,55226961,,12.38,0.6,yellow,False,False,False,False,
5,2019-01-09,12.58,13.06,12.56,12.72,107501687,,12.44,0.6,yellow,False,False,False,False,
6,2019-01-10,12.74,12.84,12.62,12.82,55718354,,12.72,0.6,yellow,False,False,False,False,
7,2019-01-11,12.78,12.86,12.56,12.82,64902867,,12.82,0.6,yellow,False,False,False,False,
8,2019-01-14,12.58,12.68,12.16,12.22,57949582,,12.82,0.6,yellow,False,False,False,False,
9,2019-01-15,12.58,12.72,12.4,12.72,47620565,,12.22,0.6,yellow,False,False,False,False,
10,2019-01-16,12.7,12.82,12.52,12.7,37413388,,12.72,0.6,yellow,False,False,False,False,
11,2019-01-17,12.86,12.86,12.42,12.66,42492375,,12.7,0.6,yellow,False,False,False,False,
12,2019-01-18,12.7,12.94,12.64,12.92,43712947,,12.66,0.6,yellow,False,False,False,False,
13,2019-01-21,12.92,13.18,12.86,13.12,41876880,,12.92,0.6,yellow,False,False,False,False,
14,2019-01-22,13.08,13.12,12.74,12.94,39291557,,13.12,0.6,yellow,False,False,False,True,
15,2019-01-23,12.92,12.92,12.62,12.62,54794071,,12.94,0.6,yellow,False,False,False,False,
16,2019-01-24,12.62,12.86,12.58,12.8,46724607,,12.62,0.6,yellow,False,False,False,False,
17,2019-01-25,12.94,13.1,12.76,13.06,52236387,,12.8,0.6,yellow,False,False,False,False,
18,2019-01-28,13.18,13.18,12.9,13.04,37525971,,13.06,0.6,yellow,False,False,False,False,
19,2019-01-29,12.74,12.86,12.58,12.64,89318019,,13.04,0.6,yellow,False,False,False,False,
20,2019-01-30,12.88,12.88,12.68,12.8,52027941,,12.64,0.6,yellow,False,False,False,False,
21,2019-01-31,12.92,13.16,12.88,13.12,67671807,,12.8,0.6,yellow,False,False,False,False,
22,2019-02-01,13.2,13.28,13.12,13.22,45391939,,13.12,0.6,yellow,False,False,False,False,
23,2019-02-04,13.2,13.26,13.12,13.2,24630150,,13.22,0.6,yellow,False,False,False,False,
24,2019-02-08,12.94,12.98,12.7,12.88,59759890,,13.2,0.6,yellow,False,False,False,False,
25,2019-02-11,12.88,12.92,12.74,12.9,48040104,,12.88,0.6,yellow,False,False,False,False,
26,2019-02-12,12.98,13.1,12.9,13.08,49248985,,12.9,0.6,yellow,False,False,False,False,
27,2019-02-13,13.38,13.46,13.16,13.38,48976923,,13.08,0.6,yellow,False,False,False,False,
28,2019-02-14,13.3,13.48,13.26,13.46,41895045,,13.38,0.6,yellow,False,False,False,False,
29,2019-02-15,13.26,13.46,13.16,13.28,34067315,,13.46,0.6,yellow,False,False,False,False,
30,2019-02-18,13.46,13.88,13.4,13.68,52111854,,13.28,0.6,yellow,False,False,False,False,
31,2019-02-19,13.6,13.82,13.58,13.76,33452704,,13.68,0.6,yellow,False,False,False,False,
32,2019-02-20,13.78,13.98,13.76,13.92,50369908,,13.76,0.6,yellow,False,False,False,False,
33,2019-02-21,13.88,14.14,13.8,13.94,46626861,,13.92,0.6,yellow,False,False,False,False,
34,2019-02-22,13.82,14.04,13.58,14.04,46110620,,13.94,0.6,yellow,False,False,False,False,
35,2019-02-25,14.02,14.06,13.64,13.9,72443253,,14.04,0.6,yellow,False,False,False,True,
36,2019-02-26,13.68,13.76,13.46,13.7,84742319,,13.9,0.6,yellow,False,False,False,False,
37,2019-02-27,13.52,13.86,13.52,13.68,42259892,,13.7,0.6,yellow,False,False,False,False,
38,2019-02-28,13.52,13.68,13.52,13.54,50165189,,13.68,0.6,yellow,False,False,False,False,
39,2019-03-01,13.54,13.78,13.52,13.64,36326807,,13.54,0.6,yellow,False,False,False,False,
40,2019-03-04,13.52,13.88,13.42,13.76,78586445,,13.64,0.6,yellow,False,False,False,False,
41,2019-03-05,13.66,13.66,13.42,13.56,37393901,,13.76,0.6,yellow,False,False,False,True,
42,2019-03-06,13.44,13.5,13.26,13.36,47264449,,13.56,0.6,yellow,False,False,False,False,
43,2019-03-07,13.26,13.46,13.22,13.32,39846092,,13.36,0.6,yellow,False,False,False,False,
44,2019-03-08,13.12,13.3,13.1,13.28,99613097,,13.32,0.6,yellow,False,False,False,False,
45,2019-03-11,13.08,13.24,13.08,13.24,43541860,,13.28,0.6,yellow,False,False,False,False,
46,2019-03-12,13.28,13.44,13.28,13.36,29755414,,13.24,0.6,yellow,False,False,False,False,
47,2019-03-13,13.32,13.48,13.22,13.26,38793225,,13.36,0.6,yellow,False,False,False,False,
48,2019-03-14,13.54,13.88,13.5,13.76,57893616,,13.26,0.6,yellow,False,False,False,False,
49,2019-03-15,13.78,14.18,13.68,14.16,80556244,0.601256371683325,13.76,0.6,green,False,False,False,False,
50,2019-03-18,14.08,14.08,13.7,14.02,60399231,0.5564595076674227,14.16,0.6,yellow,False,False,False,True,
51,2019-03-19,14.0,14.1,13.72,13.88,61590573,0.5094421118303076,14.02,0.6,yellow,False,False,False,False,
52,2019-03-20,13.84,14.0,13.76,13.82,30624767,0.48931839306929775,13.88,0.6,yellow,False,False,False,False,
53,2019-03-21,13.98,14.18,13.84,14.02,46524085,0.484727737592804,13.82,0.6,yellow,False,False,False,False,
54,2019-03-22,14.16,14.28,13.92,14.1,44672013,0.4826405262211431,14.02,0.6,yellow,False,False,False,False,
55,2019-03-25,13.7,13.74,13.36,13.52,51455755,0.475675931529793,14.1,0.6,red,False,False,False,False,
56,2019-03-26,13.74,13.88,13.7,13.82,45416476,0.4747139202956351,13.52,0.6,yellow,False,False,False,False,
57,2019-03-27,14.08,14.36,14.0,14.36,63575920,0.4892036010346895,13.82,0.6,green,False,False,False,False,buy
58,2019-03-28,14.46,14.46,14.16,14.32,45546436,0.47730211200292283,14.36,0.6,green,False,False,False,False,
59,2019-03-29,14.48,14.7,14.36,14.7,60886082,0.49923304443222016,14.32,0.6,green,False,False,False,False,
60,2019-04-01,14.86,15.14,14.8,14.94,51865990,0.5288298981945817,14.7,0.6,green,False,False,False,False,
61,2019-04-02,14.86,14.98,14.58,14.7,56911457,0.5405098122540045,14.94,0.6,yellow,False,False,False,False,
62,2019-04-03,14.68,14.72,14.5,14.64,61982948,0.5541319374315422,14.7,0.6,yellow,False,False,False,False,sell
63,2019-04-04,14.48,14.56,14.3,14.4,45382002,0.561735503159811,14.64,0.6,yellow,False,False,False,False,
64,2019-04-08,14.8,14.9,14.6,14.9,66073125,0.582019566260625,14.4,0.6,green,False,False,False,False,
65,2019-04-09,15.0,15.12,14.9,15.04,50288942,0.595126465723113,14.9,0.6,green,False,False,False,False,
66,2019-04-10,14.92,15.0,14.82,14.92,39662347,0.6052759869746737,15.04,0.6,yellow,False,False,False,False,
67,2019-04-11,14.84,14.96,14.42,14.58,70359219,0.6085675385522906,14.92,0.6,yellow,False,False,False,False,
68,2019-04-12,14.38,14.72,14.38,14.72,45665438,0.6137511295139046,14.58,0.6,yellow,False,False,False,False,
69,2019-04-15,14.8,14.94,14.64,14.74,41863123,0.6042224215418355,14.72,0.6,yellow,False,False,False,False,
70,2019-04-16,14.68,14.96,14.62,14.9,39455198,0.6029869866941168,14.74,0.6,yellow,True,False,False,False,
71,2019-04-17,14.96,14.96,14.72,14.84,42278314,0.6073026344384818,14.9,0.6,yellow,False,False,False,False,
72,2019-04-18,14.84,14.9,14.62,14.74,37425273,0.6094441763456556,14.84,0.6,yellow,False,False,False,False,
73,2019-04-23,15.0,15.06,14.84,14.96,61208789,0.6158463895406109,14.74,0.6,yellow,False,False,False,False,
74,2019-04-24,15.04,15.04,14.64,14.72,49029576,0.6031050268977945,14.96,0.6,yellow,False,False,False,False,
75,2019-04-25,14.62,14.68,14.42,14.66,57123034,0.5872452465468226,14.72,0.6,yellow,False,False,False,False,
76,2019-04-26,14.5,14.54,14.34,14.42,55231621,0.5719677456297847,14.66,0.6,yellow,False,False,False,False,
77,2019-04-29,14.58,14.68,14.36,14.68,37206998,0.5687022103716799,14.42,0.6,yellow,False,False,False,False,
78,2019-04-30,14.8,14.8,14.1,14.18,53800219,0.5608869070044168,14.68,0.6,red,False,True,False,False,
79,2019-05-02,13.96,14.1,13.82,13.9,80272767,0.5484821355898716,14.18,0.6,red,False,False,False,False,
80,2019-05-03,13.62,13.88,13.52,13.68,55808288,0.5484821355898716,13.9,0.6,red,False,False,False,False,
81,2019-05-06,13.4,13.72,13.4,13.48,81632556,0.5538443014097765,13.68,0.6,red,False,False,False,False,
82,2019-05-07,13.7,13.96,13.7,13.9,67467981,0.5540095040811543,13.48,0.6,yellow,False,False,False,False,
83,2019-05-08,13.7,13.84,13.6,13.66,45619563,0.5574151715457604,13.9,0.6,yellow,False,False,False,False,buy
84,2019-05-09,13.52,13.7,13.3,13.34,53979906,0.5683637811781321,13.66,0.6,yellow,False,False,False,False,
85,2019-05-10,13.6,13.66,13.34,13.38,61378602,0.5770579852730128,13.34,0.6,yellow,False,False,False,False,
86,2019-05-14,13.12,13.4,13.1,13.18,58160484,0.5890489047989985,13.38,0.6,yellow,False,False,False,False,
87,2019-05-15,13.1,13.6,13.1,13.36,58497982,0.5953391761793265,13.18,0.6,yellow,False,False,False,False,
88,2019-05-16,13.3,13.64,13.24,13.58,52155647,0.59461529322645,13.36,0.6,yellow,False,False,False,False,
89,2019-05-17,13.7,13.76,13.24,13.38,36833152,0.5997279655419303,13.58,0.6,yellow,False,False,False,False,
90,2019-05-20,13.54,13.92,13.5,13.66,55592487,0.6009918332835072,13.38,0.6,yellow,False,False,True,False,
91,2019-05-21,13.6,13.64,13.3,13.38,51241160,0.6047027942615749,13.66,0.6,yellow,False,False,False,False,
92,2019-05-22,13.38,13.48,13.3,13.34,27038539,0.6051933069487069,13.38,0.6,yellow,False,False,False,False,
93,2019-05-23,13.3,13.34,13.04,13.12,36436119,0.6109311728494342,13.34,0.6,yellow,False,False,False,False,
94,2019-05-24,13.0,13.16,12.96,13.12,40918662,0.6155699532522201,13.12,0.6,yellow,False,False,False,False,
95,2019-05-27,13.18,13.18,12.94,13.02,22574763,0.62236953390626,13.12,0.6,yellow,False,False,False,False,
96,2019-05-28,13.06,13.08,12.9,12.94,78882647,0.63479207587354,13.02,0.6,yellow,False,False,False,False,
97,2019-05-29,12.9,13.06,12.88,12.92,38982161,0.6452368652246239,12.94,0.6,yellow,False,False,False,False,
98,2019-05-30,13.26,13.26,12.94,13.06,39270998,0.6591026676706851,12.92,0.6,yellow,False,False,False,False,
99,2019-05-31,12.96,13.2,12.72,12.78,48779535,0.6822901411677404,13.06,0.6,yellow,False,False,False,False,
100,2019-06-03,12.78,12.92,12.66,12.72,38278691,0.7061900073851325,12.78,0.6,yellow,False,False,False,False,
101,2019-06-04,12.78,12.88,12.68,12.76,38184654,0.7269618073790095,12.72,0.6,yellow,False,False,False,False,
102,2019-06-05,12.66,12.72,12.32,12.38,34436909,0.7603775646455697,12.76,0.6,yellow,False,False,False,False,
103,2019-06-06,12.26,12.34,11.92,12.16,51161927,0.8003902109570802,12.38,0.6,yellow,False,False,False,False,
104,2019-06-10,12.36,12.88,12.28,12.76,58444842,0.8156405771051418,12.16,0.6,green,False,False,False,False,
105,2019-06-11,12.86,12.86,12.64,12.68,37612882,0.8314358369834733,12.76,0.6,green,False,False,False,False,
106,2019-06-12,12.66,12.72,12.34,12.44,43954115,0.8550356001658768,12.68,0.6,yellow,False,False,False,False,
107,2019-06-13,12.36,12.4,12.08,12.32,53627785,0.8772615089595812,12.44,0.6,yellow,False,False,False,False,sell
108,2019-06-14,12.42,12.44,12.24,12.34,54345410,0.8969484775774871,12.32,0.6,yellow,False,False,False,False,
109,2019-06-17,12.5,12.68,12.44,12.52,46876107,0.9024177049934885,12.34,0.6,yellow,False,False,False,False,
110,2019-06-18,12.48,12.62,12.38,12.52,29703843,0.8993806485690073,12.52,0.6,yellow,False,False,False,False,
111,2019-06-19,13.08,13.1,12.78,13.02,59460621,0.8907081337856059,12.52,0.6,yellow,False,False,False,False,
112,2019-06-20,13.04,13.2,12.88,13.14,52639016,0.8807474562169642,13.02,0.6,yellow,False,False,False,False,
113,2019-06-21,13.36,13.48,13.28,13.48,74309197,0.8729877386520012,13.14,0.6,yellow,False,False,False,False,
114,2019-06-24,13.42,13.48,13.3,13.46,35585882,0.85165375737384,13.48,0.6,yellow,False,False,False,False,
115,2019-06-25,13.42,13.44,13.18,13.26,42665405,0.8244231130843889,13.46,0.6,yellow,False,False,False,False,
116,2019-06-26,13.2,13.28,13.06,13.28,31155368,0.799174676316327,13.26,0.6,yellow,False,False,False,False,
117,2019-06-27,13.34,13.48,13.32,13.46,29219591,0.7829943571094915,13.28,0.6,yellow,False,False,False,False,
118,2019-06-28,13.36,13.44,13.2,13.36,42133780,0.7612539601451899,13.46,0.6,yellow,False,False,False,False,
119,2019-07-02,13.5,13.72,13.44,13.62,47744674,0.7377844384039419,13.36,0.6,yellow,False,False,False,False,
120,2019-07-03,13.5,13.62,13.32,13.44,49949959,0.7053527124634819,13.62,0.6,yellow,False,False,False,False,
121,2019-07-04,13.42,13.5,13.26,13.34,23540966,0.6726978883418553,13.44,0.6,yellow,False,False,False,False,
122,2019-07-05,13.24,13.4,13.24,13.34,13789711,0.6416560207615847,13.34,0.6,yellow,False,False,False,False,
123,2019-07-08,13.2,13.28,12.94,13.06,41202649,0.5967565394253658,13.34,0.6,yellow,False,False,False,False,
124,2019-07-09,13.14,13.18,12.94,12.96,24518698,0.5605305067341035,13.06,0.6,yellow,False,False,False,False,
125,2019-07-10,12.96,13.24,12.96,13.14,28708769,0.5217566873709676,12.96,0.6,yellow,False,False,False,False,
126,2019-07-11,13.26,13.58,13.26,13.46,30968740,0.4931400430312016,13.14,0.6,green,False,False,False,False,
127,2019-07-12,13.32,13.5,13.32,13.46,24213800,0.4457794824111745,13.46,0.6,green,False,False,False,False,
128,2019-07-15,13.26,13.54,13.1,13.52,34468145,0.42436199410505115,13.46,0.6,green,False,False,False,False,
129,2019-07-16,13.48,13.5,13.24,13.42,29537714,0.41234520905252503,13.52,0.6,yellow,False,False,False,True,
130,2019-07-17,13.14,13.22,13.08,13.18,39757625,0.40502960335244126,13.42,0.6,yellow,False,False,False,False,
131,2019-07-18,13.12,13.12,12.8,12.88,67058034,0.40339376620399586,13.18,0.6,red,False,False,False,False,
132,2019-07-19,12.98,13.2,12.92,13.12,40715629,0.3873782099589749,12.88,0.6,yellow,False,False,False,False,
133,2019-07-22,13.2,13.24,13.0,13.12,42767319,0.3790092347159884,13.12,0.6,yellow,False,False,False,False,buy
134,2019-07-23,13.2,13.28,13.08,13.26,25433677,0.37811562857336084,13.12,0.6,yellow,False,False,False,False,
135,2019-07-24,13.3,13.3,13.1,13.14,22864246,0.3759018543205551,13.26,0.6,yellow,False,True,False,False,
136,2019-07-25,13.22,13.26,13.1,13.26,18223042,0.37647473287034167,13.14,0.6,yellow,False,False,True,False,
137,2019-07-26,13.04,13.2,12.98,13.16,34713536,0.37459224089504944,13.26,0.6,yellow,False,False,False,False,
138,2019-07-29,12.92,13.14,12.92,13.04,22197424,0.3677454754227124,13.16,0.6,yellow,False,False,False,False,
139,2019-07-30,13.0,13.16,13.0,13.12,24747860,0.3651594004747807,13.04,0.6,yellow,False,False,False,False,
140,2019-07-31,12.9,13.08,12.82,12.94,37218899,0.35543683959147343,13.12,0.6,yellow,False,False,False,False,
141,2019-08-01,13.1,13.1,12.66,12.82,59307340,0.35378674540532057,12.94,0.6,yellow,False,True,False,False,
142,2019-08-02,12.3,12.48,12.26,12.36,60358277,0.36400695216505025,12.82,0.6,red,False,False,False,False,
143,2019-08-05,12.0,12.1,11.86,11.98,48513513,0.3924379061763542,12.36,0.6,red,False,False,False,False,
144,2019-08-06,11.58,12.12,11.54,12.06,73702793,0.41391096351061424,11.98,0.6,yellow,True,False,False,False,
145,2019-08-07,11.88,12.0,11.76,11.94,49521451,0.4391689740351673,12.06,0.6,yellow,False,False,False,False,
146,2019-08-08,11.88,12.06,11.8,11.9,50393161,0.46396709946692816,11.94,0.6,yellow,False,False,False,False,
147,2019-08-09,11.86,11.98,11.76,11.78,36544710,0.4919936949985912,11.9,0.6,yellow,False,False,False,False,
148,2019-08-12,11.7,11.92,11.66,11.7,29572853,0.5205453968714746,11.78,0.6,yellow,False,False,False,False,
149,2019-08-13,11.6,11.7,11.4,11.46,49202663,0.5582035324802851,11.7,0.6,yellow,False,False,False,False,
150,2019-08-14,12.0,12.0,11.36,11.48,45277850,0.5911593590184472,11.46,0.6,yellow,False,False,False,False,
151,2019-08-15,11.3,11.42,11.24,11.34,53987841,0.6278553063519371,11.48,0.6,yellow,False,False,False,False,
152,2019-08-16,11.4,11.44,11.16,11.38,59107416,0.6570048302248429,11.34,0.6,yellow,False,False,False,False,
153,2019-08-19,11.36,11.56,11.36,11.46,44447898,0.6777807724553738,11.38,0.6,yellow,True,False,False,False,
154,2019-08-20,11.44,11.7,11.38,11.62,47362527,0.6971453161549132,11.46,0.6,yellow,False,False,False,False,
155,2019-08-21,11.7,11.7,11.52,11.6,32066421,0.7158635145253393,11.62,0.6,yellow,False,False,False,False,
156,2019-08-22,11.58,11.66,11.42,11.5,54980661,0.7356822739221494,11.6,0.6,yellow,False,False,False,False,
157,2019-08-23,11.38,11.6,11.32,11.46,37941363,0.7548007981566781,11.5,0.6,yellow,False,False,False,False,
158,2019-08-26,11.0,11.06,10.74,10.94,85878068,0.7931627210357376,11.46,0.6,red,False,False,False,False,
159,2019-08-27,10.98,11.08,10.84,10.94,71665077,0.8296981501776186,10.94,0.6,red,False,False,False,False,
160,2019-08-28,11.02,11.18,11.0,11.04,39725938,0.8596914491578365,10.94,0.6,red,False,False,False,False,
161,2019-08-29,11.2,11.2,10.96,11.1,61335567,0.8832873662792705,11.04,0.6,red,False,False,False,False,
162,2019-08-30,11.56,11.94,11.52,11.7,132339575,0.8876417736718712,11.1,0.6,yellow,False,False,False,False,
163,2019-09-02,11.54,11.64,11.32,11.56,77273268,0.8875358227895324,11.7,0.6,yellow,False,False,False,False,
164,2019-09-03,11.5,11.52,11.32,11.44,33710058,0.888844698448037,11.56,0.6,yellow,False,False,False,False,
165,2019-09-04,11.66,11.78,11.46,11.74,63600180,0.8868461891812495,11.44,0.6,yellow,False,False,False,False,
166,2019-09-05,11.8,11.92,11.7,11.84,63008743,0.8819682071182301,11.74,0.6,yellow,False,False,False,False,
167,2019-09-06,12.0,12.04,11.86,12.0,61405168,0.870207481710246,11.84,0.6,yellow,False,False,False,False,
168,2019-09-09,12.08,12.2,11.94,12.02,32386850,0.859653560975558,12.0,0.6,yellow,False,False,False,False,
169,2019-09-10,12.06,12.32,12.06,12.16,56890730,0.8399556839621996,12.02,0.6,yellow,False,False,False,False,
170,2019-09-11,12.28,12.42,12.08,12.28,72034716,0.8240788549548349,12.16,0.6,yellow,False,False,False,False,
171,2019-09-12,11.96,12.02,11.74,11.9,54540378,0.811718660419648,12.28,0.6,yellow,False,False,False,False,
172,2019-09-13,11.9,11.96,11.74,11.9,39612423,0.7981075575819253,11.9,0.6,yellow,False,False,False,False,
173,2019-09-16,12.94,12.94,12.56,12.78,154082030,0.7931519143163381,11.9,0.6,green,False,False,False,False,
174,2019-09-17,12.9,12.92,12.72,12.86,66799833,0.7913905096572164,12.78,0.6,green,False,False,False,False,
175,2019-09-18,12.5,12.74,12.42,12.68,65556402,0.783169906240539,12.86,0.6,yellow,False,False,False,False,
176,2019-09-19,12.66,12.7,12.46,12.58,37177933,0.7643040318232154,12.68,0.6,yellow,False,False,False,True,sell
177,2019-09-20,12.46,12.66,12.46,12.58,54360190,0.7445361245878703,12.58,0.6,yellow,False,False,False,False,
178,2019-09-23,12.54,12.58,12.38,12.42,37971145,0.7200046485110699,12.58,0.6,yellow,False,False,False,False,
179,2019-09-24,12.4,12.6,12.38,12.5,43677359,0.6985523222628165,12.42,0.6,yellow,False,False,False,False,
180,2019-09-25,12.34,12.42,12.14,12.28,49063882,0.6826316423838495,12.5,0.6,yellow,False,False,False,False,
181,2019-09-26,12.24,12.32,12.02,12.2,41498889,0.6739485840014425,12.28,0.6,yellow,False,False,False,False,
182,2019-09-27,12.04,12.1,11.94,11.96,34246519,0.6582108092304119,12.2,0.6,yellow,False,False,False,False,
183,2019-09-30,11.8,12.06,11.76,11.96,62918474,0.6412314682845548,11.96,0.6,yellow,False,False,False,False,
184,2019-10-02,11.96,12.06,11.8,11.86,50878939,0.6180157847531731,11.96,0.6,yellow,False,False,False,False,
185,2019-10-03,11.72,11.82,11.6,11.74,61881707,0.5983029060157885,11.86,0.6,yellow,False,False,False,False,
186,2019-10-04,11.7,11.74,11.42,11.54,31867436,0.5736955033920379,11.74,0.6,yellow,False,False,False,False,
187,2019-10-08,11.56,11.74,11.4,11.54,74342523,0.5505098193715429,11.54,0.6,yellow,False,False,False,False,
188,2019-10-09,11.42,11.5,11.38,11.46,37086570,0.5310597798703244,11.54,0.6,yellow,False,False,False,False,
189,2019-10-10,11.44,11.56,11.34,11.5,33435952,0.5043531318755266,11.46,0.6,yellow,False,False,False,False,
190,2019-10-11,11.82,12.08,11.72,12.04,68987425,0.481115031431556,11.5,0.6,green,False,False,False,False,
191,2019-10-14,12.04,12.08,11.78,11.96,40724030,0.4609571231554563,12.04,0.6,yellow,False,False,False,False,
192,2019-10-15,11.82,11.9,11.74,11.82,38325628,0.4548198118205596,11.96,0.6,yellow,False,False,False,False,
193,2019-10-16,11.9,11.94,11.74,11.86,36025733,0.4543263234320291,11.82,0.6,yellow,False,False,False,False,
194,2019-10-17,12.08,12.08,11.84,11.94,30479702,0.4533874317460791,11.86,0.6,yellow,False,False,False,False,
195,2019-10-18,12.08,12.08,11.8,11.88,57662270,0.45315564745054865,11.94,0.6,yellow,False,False,False,False,
196,2019-10-21,11.78,12.02,11.78,12.0,26870433,0.45372004314447006,11.88,0.6,yellow,False,False,False,False,
197,2019-10-22,12.02,12.08,11.88,11.94,21598865,0.4539560349115897,12.0,0.6,yellow,False,False,False,False,
198,2019-10-23,12.0,12.0,11.72,11.9,39577990,0.4536790198601031,11.94,0.6,yellow,False,False,False,False,
199,2019-10-24,12.0,12.06,11.9,12.06,62278340,0.45154718152465145,11.9,0.6,yellow,False,False,False,False,
200,2019-10-25,12.14,12.24,12.06,12.08,39437617,0.4496231528645252,12.06,0.6,yellow,False,False,False,False,
201,2019-10-28,12.18,12.26,12.02,12.18,39142889,0.445594122996454,12.08,0.6,yellow,False,False,False,False,
202,2019-10-29,12.28,12.28,12.0,12.08,32555718,0.4407394528586268,12.18,0.6,yellow,False,False,False,False,
203,2019-10-30,11.9,12.0,11.82,11.88,48587211,0.43640460537422837,12.08,0.6,yellow,False,False,False,False,
204,2019-10-31,11.9,11.96,11.72,11.76,47396929,0.4350446376346836,11.88,0.6,yellow,False,False,False,False,
205,2019-11-01,11.82,11.98,11.74,11.96,41789746,0.43297263899979666,11.76,0.6,yellow,False,False,False,False,
206,2019-11-04,12.18,12.26,12.08,12.26,40696977,0.43176732207076823,11.96,0.6,green,False,False,False,False,
207,2019-11-05,12.26,12.56,12.18,12.52,62153991,0.4346735110683523,12.26,0.6,green,False,False,False,False,
208,2019-11-06,12.32,12.64,12.3,12.48,26586577,0.41637130211445766,12.52,0.6,green,False,False,False,False,
209,2019-11-07,12.36,12.66,12.36,12.54,47522526,0.3963467869305909,12.48,0.6,green,False,False,False,False,
210,2019-11-08,12.42,12.7,12.42,12.7,52067639,0.38315212516754654,12.54,0.6,green,False,False,False,False,
211,2019-11-11,12.4,12.56,12.24,12.32,45659124,0.36034020206533846,12.7,0.6,yellow,False,False,False,False,
212,2019-11-12,12.48,12.48,12.26,12.42,30385736,0.35993219316069586,12.32,0.6,yellow,False,False,False,False,
213,2019-11-13,12.12,12.28,11.98,12.12,38240558,0.35213842361740955,12.42,0.6,red,False,False,False,False,
214,2019-11-14,12.26,12.26,11.82,11.98,36071236,0.3399149953762436,12.12,0.6,red,False,False,False,False,
215,2019-11-15,12.12,12.12,11.8,11.94,38160696,0.33676395172831747,11.98,0.6,red,False,False,False,False,
216,2019-11-18,11.96,12.06,11.86,12.06,39660446,0.3346857191638806,11.94,0.6,yellow,False,False,True,False,
217,2019-11-19,11.82,12.02,11.8,12.02,47368410,0.33456642670410025,12.06,0.6,yellow,False,False,False,False,buy
218,2019-11-20,11.86,11.9,11.8,11.84,31180088,0.33649550441245873,12.02,0.6,yellow,False,False,False,True,
219,2019-11-21,11.72,11.86,11.6,11.68,47611973,0.34168394514133393,11.84,0.6,yellow,False,False,False,False,
220,2019-11-22,11.82,11.96,11.76,11.86,40417106,0.34220032323843436,11.68,0.6,yellow,False,False,False,False,
221,2019-11-25,11.92,12.08,11.86,11.92,45942611,0.34198961674177014,11.86,0.6,yellow,False,False,False,False,
222,2019-11-26,12.0,12.08,11.88,11.88,81150205,0.3422241776308348,11.92,0.6,yellow,False,False,False,False,
223,2019-11-27,11.9,12.02,11.86,11.92,32347181,0.32796739509423356,11.88,0.6,yellow,False,False,True,False,
224,2019-11-28,11.84,11.9,11.72,11.74,24484692,0.3106440971627178,11.92,0.6,yellow,False,False,False,False,
225,2019-11-29,11.62,11.74,11.32,11.36,56211562,0.3118212465434606,11.74,0.6,red,False,False,False,False,
226,2019-12-02,11.4,11.44,11.32,11.36,31667092,0.3148566243189911,11.36,0.6,red,False,False,False,False,
227,2019-12-03,11.32,11.44,11.14,11.34,34573982,0.31674775904044244,11.36,0.6,red,False,False,False,False,
228,2019-12-04,11.16,11.32,11.12,11.16,36977469,0.33015148038438247,11.34,0.6,red,False,False,False,False,
229,2019-12-05,11.36,11.4,11.22,11.3,43878497,0.33266395374679264,11.16,0.6,red,False,False,False,False,
230,2019-12-06,11.38,11.4,11.26,11.3,45347330,0.3399313255974627,11.3,0.6,red,False,False,False,False,
231,2019-12-09,11.4,11.54,11.26,11.32,46167349,0.34691785771274325,11.3,0.6,red,False,False,False,False,
232,2019-12-10,11.24,11.34,11.22,11.28,43461041,0.3570893674229602,11.32,0.6,red,False,False,False,False,
233,2019-12-11,11.32,11.44,11.22,11.36,48714908,0.364057855908891,11.28,0.6,red,False,False,False,False,
234,2019-12-12,11.42,11.52,11.38,11.46,46921888,0.36840882348891835,11.36,0.6,red,False,False,False,False,
235,2019-12-13,11.64,11.8,11.62,11.78,84466841,0.3682057987105592,11.46,0.6,yellow,False,False,False,False,
236,2019-12-16,11.64,11.94,11.62,11.74,44989072,0.36582587583243836,11.78,0.6,yellow,False,False,False,False,
237,2019-12-17,11.8,12.12,11.8,12.06,60821154,0.3640461957678729,11.74,0.6,green,False,False,False,False,
238,2019-12-18,12.38,12.48,12.26,12.48,95357810,0.3693482400783558,12.06,0.6,green,False,False,False,False,
239,2019-12-19,12.68,12.68,12.28,12.48,57304241,0.3743716368115762,12.48,0.6,green,False,False,False,False,
240,2019-12-20,12.62,12.62,12.4,12.5,51331364,0.3832682228051838,12.48,0.6,green,False,False,False,False,
241,2019-12-23,12.56,12.66,12.46,12.66,34636658,0.39744572213173385,12.5,0.6,green,False,False,False,False,
242,2019-12-24,12.7,12.7,12.58,12.62,12527419,0.4088818001948868,12.66,0.6,green,False,False,False,False,
243,2019-12-27,12.68,12.86,12.62,12.84,38489592,0.4277479708082918,12.62,0.6,green,False,False,False,False,
244,2019-12-30,12.86,13.0,12.72,12.92,45827327,0.4485179221955475,12.84,0.6,green,False,False,False,False,
245,2019-12-31,13.0,13.0,12.8,12.96,22809671,0.4689099822232091,12.92,0.6,green,False,False,False,False,
246,2020-01-02,13.0,13.0,12.8,12.98,40154251,0.48870090180863207,12.96,0.6,green,False,False,False,False,
247,2020-01-03,13.08,13.46,12.94,13.24,97342297,0.5177502352702967,12.98,0.6,green,False,False,False,False,
248,2020-01-06,13.46,13.78,13.44,13.72,94458649,0.5683501364045047,13.24,0.6,green,False,False,False,False,
249,2020-01-07,13.56,13.76,13.52,13.64,60014009,0.6091948517075119,13.72,0.6,green,False,False,False,False,
250,2020-01-08,14.0,14.04,13.42,13.64,64964345,0.6459438277214414,13.64,0.6,green,False,False,False,False,
251,2020-01-09,13.44,13.68,13.36,13.68,137426484,0.6811803680946402,13.64,0.6,green,False,False,False,False,
252,2020-01-10,13.64,13.66,13.36,13.54,46400470,0.70753657149295,13.68,0.6,yellow,False,False,False,True,
253,2020-01-13,13.56,13.76,13.52,13.74,39287291,0.7380491659967985,13.54,0.6,yellow,False,False,False,False,sell
254,2020-01-14,13.76,13.78,13.4,13.54,81058672,0.756742319931632,13.74,0.6,yellow,False,True,False,False,
255,2020-01-15,13.56,13.66,13.18,13.22,111022173,0.7666741318772886,13.54,0.6,yellow,False,False,False,False,
256,2020-01-16,13.34,13.56,13.32,13.44,82057027,0.7831386355230967,13.22,0.6,yellow,False,False,True,False,
257,2020-01-17,13.54,13.56,13.36,13.52,56905724,0.8006120107996961,13.44,0.6,yellow,False,False,False,False,
258,2020-01-20,13.6,13.6,13.28,13.32,76856729,0.8120838400468908,13.52,0.6,yellow,False,False,False,False,
259,2020-01-21,12.82,13.2,12.82,13.0,67633505,0.8166556989406508,13.32,0.6,yellow,False,False,False,False,
260,2020-01-22,13.3,13.4,13.1,13.34,41156549,0.8267587067480279,13.0,0.6,yellow,False,False,False,False,
261,2020-01-23,12.96,13.2,12.86,13.0,49542594,0.8311515493333221,13.34,0.6,yellow,False,False,False,False,
262,2020-01-24,12.96,13.06,12.8,13.04,26568313,0.8359998047065477,13.0,0.6,yellow,False,False,False,False,
263,2020-01-29,12.52,12.64,12.3,12.46,69134727,0.8349184489077532,13.04,0.6,red,False,False,False,False,
264,2020-01-30,12.22,12.44,11.9,12.0,78662570,0.8347063518852298,12.46,0.6,red,False,False,False,False,
265,2020-01-31,12.3,12.3,11.82,11.86,65587804,0.8357290841180617,12.0,0.6,red,False,False,False,False,
266,2020-02-03,11.78,11.88,11.6,11.68,60401418,0.8408043767726223,11.86,0.6,red,False,False,False,False,
267,2020-02-04,11.5,11.86,11.5,11.8,75732295,0.8434839315939224,11.68,0.6,yellow,True,False,False,False,
268,2020-02-05,12.24,12.24,11.8,12.0,87228592,0.8415771394427555,11.8,0.6,yellow,False,False,False,False,buy
269,2020-02-06,12.42,12.74,12.34,12.6,105728410,0.8352440679593136,12.0,0.6,green,False,False,False,False,
270,2020-02-07,12.34,12.46,12.22,12.26,48055427,0.8315611087292493,12.6,0.6,yellow,False,False,False,False,
271,2020-02-10,12.08,12.3,12.08,12.18,36167925,0.8290521758032359,12.26,0.6,yellow,False,False,False,False,sell
272,2020-02-11,12.22,12.44,12.18,12.32,33894425,0.8252569173244382,12.18,0.6,yellow,False,False,False,False,
273,2020-02-12,12.48,12.48,12.26,12.44,45733071,0.8216587503585745,12.32,0.6,yellow,False,False,False,False,
274,2020-02-13,12.48,12.52,12.32,12.34,52377658,0.8152194145612265,12.44,0.6,yellow,False,False,False,False,
275,2020-02-14,12.48,12.48,12.26,12.34,30846048,0.799459000748349,12.34,0.6,yellow,False,False,False,False,
276,2020-02-17,12.22,12.42,12.22,12.26,55610737,0.7833288464193379,12.34,0.6,yellow,False,False,False,False,
277,2020-02-18,12.22,12.26,11.98,12.0,57773825,0.768563568733043,12.26,0.6,yellow,False,False,False,False,
278,2020-02-19,12.02,12.18,11.96,12.08,66585479,0.7458406023284264,12.0,0.6,yellow,False,False,True,False,
279,2020-02-20,12.34,12.38,12.1,12.22,65309203,0.725556788308966,12.08,0.6,yellow,False,False,False,False,
280,2020-02-21,12.22,12.26,12.04,12.18,58194937,0.7046416370998033,12.22,0.6,yellow,False,False,False,False,
281,2020-02-24,11.94,11.96,11.64,11.74,77353821,0.6916794114062252,12.18,0.6,red,False,False,False,False,
282,2020-02-25,11.58,11.62,11.5,11.56,57607399,0.6819215347764239,11.74,0.6,red,False,False,False,False,
283,2020-02-26,11.22,11.44,11.22,11.36,78658139,0.6819215347764239,11.56,0.6,red,False,False,False,False,
284,2020-02-27,11.16,11.22,11.02,11.18,80083802,0.69250506518445,11.36,0.6,red,False,False,False,False,
285,2020-02-28,10.68,10.76,10.52,10.68,138638039,0.7349357878378866,11.18,0.6,red,False,False,False,False,
286,2020-03-02,10.8,11.2,10.8,11.14,104900983,0.753397745726189,10.68,0.6,yellow,False,False,False,False,
287,2020-03-03,11.08,11.26,10.98,11.06,91468945,0.779649319389485,11.14,0.6,yellow,False,False,False,True,buy
288,2020-03-04,10.92,10.98,10.74,10.9,115119248,0.8132604071242593,11.06,0.6,yellow,False,False,False,False,
289,2020-03-05,10.84,11.14,10.84,11.06,96466267,0.8385312718542756,10.9,0.6,yellow,True,False,False,False,
290,2020-03-06,10.84,10.88,10.62,10.62,91065451,0.8786245280121014,11.06,0.6,yellow,False,False,False,False,
291,2020-03-09,8.3,9.11,8.3,8.79,447580337,1.0180939574137784,10.62,0.6,red,False,False,False,False,
292,2020-03-10,9.05,9.16,8.79,9.05,207875969,1.119675536091795,8.79,0.6,red,False,False,False,False,
293,2020-03-11,8.92,8.97,8.52,8.52,271703194,1.2368796156754582,9.05,0.6,red,False,False,False,False,
294,2020-03-12,8.1,8.23,7.8,7.81,253671441,1.3793510008962442,8.52,0.6,red,False,False,False,False,
295,2020-03-13,7.3,8.07,7.07,7.93,294020441,1.494078051672602,7.81,0.6,red,False,False,False,False,
296,2020-03-16,7.36,7.79,7.36,7.52,191115035,1.6156083582808496,7.93,0.6,red,False,False,False,False,
297,2020-03-17,7.48,7.7,7.22,7.4,142593260,1.7235987032357396,7.52,0.6,yellow,False,False,False,True,
298,2020-03-18,7.18,7.25,6.8,6.87,185882687,1.8344668468644791,7.4,0.6,yellow,False,False,False,False,
299,2020-03-19,6.41,6.67,6.24,6.4,217050918,1.9549506074453717,6.87,0.6,yellow,False,False,False,False,
300,2020-03-20,6.76,7.13,6.71,7.13,202034771,2.0245589693580603,6.4,0.6,yellow,False,False,False,False,
301,2020-03-23,6.58,6.94,6.55,6.77,159621290,2.09765183586071,7.13,0.6,yellow,False,False,False,False,
302,2020-03-24,7.14,7.18,6.97,7.12,194016618,2.1488687959111945,6.77,0.6,yellow,False,False,False,False,
303,2020-03-25,7.32,7.68,7.26,7.65,202983872,2.168438731117911,7.12,0.6,yellow,False,False,False,False,
304,2020-03-26,7.5,7.65,7.4,7.58,141826172,2.1882275373237707,7.65,0.6,yellow,False,False,False,False,
305,2020-03-27,7.72,7.79,7.55,7.77,139962480,2.2036908650197384,7.58,0.6,yellow,False,False,False,False,
306,2020-03-30,7.5,7.69,7.36,7.57,127557539,2.213567957402897,7.77,0.6,yellow,False,False,False,False,
307,2020-03-31,7.7,8.15,7.69,8.13,164645157,2.2010845285996705,7.57,0.6,yellow,False,False,False,False,
308,2020-04-01,8.0,8.26,7.89,8.03,188795742,2.190893248081662,8.13,0.6,yellow,False,False,False,False,
